Transport_Type,Distance_km,Duration_min,Passengers,Stops,Delay_min
factor,numeric,numeric,numeric,numeric,numeric
Bus,3.8,22,35,8,6
Bus,4.5,25,42,9,7
Bus,5.1,28,48,10,5
Bus,5.7,31,51,11,8
Bus,6.2,34,57,12,6
Bus,6.8,37,63,13,9
Bus,7.4,40,68,14,7
Bus,8.1,43,72,15,10
Tram,4.2,15,82,5,2
Tram,5.0,18,91,6,3
Tram,5.8,20,97,7,2
Tram,6.5,22,105,8,4
Tram,7.3,25,113,9,3
Tram,8.0,27,121,10,4
Tram,8.8,30,128,11,2
Tram,9.5,32,136,12,5
Metro,4.0,8,185,3,1
Metro,6.0,11,220,4,1
Metro,8.0,14,255,5,2
Metro,10.0,17,295,6,1
Metro,12.0,20,335,7,2
Metro,14.0,23,380,8,2
Metro,16.0,26,425,9,3
Metro,18.0,29,470,10,2